{
  "FilterHeaders": [
    {
      "Header": "user-agent",
      "IncludeInScript": false
    },
    {
      "Header": "upgrade-insecure-requests",
      "IncludeInScript": true
    },
    {
      "Header": "priority",
      "IncludeInScript": true
    },
    {
      "Header": "origin",
      "IncludeInScript": true
    },
    {
      "Header": "accept-language",
      "IncludeInScript": false
    },
    {
      "Header": "accept-encoding",
      "IncludeInScript": false
    },
    {
      "Header": "accept",
      "IncludeInScript": false
    }
  ],
  "FilterResources": [
    {
      "IsNonResource": true,
      "type": "text/html"
    }
  ],
  "GeneralInfo": {
    "BrowserVersion": "",
    "IsWinInetMode": false,
    "MaxUsedConnections": 11,
    "RecordedBrowser": "Firefox",
    "RecordingDate": "Р В Р’В Р вЂ™Р’В Р В РІР‚в„ўР вЂ™Р’В Р В Р’В Р Р†Р вЂљРІвЂћСћР В РІР‚в„ўР вЂ™Р’В Р В Р’В Р вЂ™Р’В Р В Р вЂ Р В РІР‚С™Р Р†РІР‚С›РЎС›Р В Р’В Р Р†Р вЂљРІвЂћСћР В РІР‚в„ўР вЂ™Р’В Р В Р’В Р вЂ™Р’В Р В РІР‚в„ўР вЂ™Р’В Р В Р’В Р В РІР‚В Р В Р’В Р Р†Р вЂљРЎв„ўР В Р вЂ Р Р†Р вЂљРЎвЂєР РЋРЎвЂєР В Р’В Р вЂ™Р’В Р В Р вЂ Р В РІР‚С™Р Р†РІР‚С›РЎС›Р В Р’В Р Р†Р вЂљРІвЂћСћР В РІР‚в„ўР вЂ™Р’В Р В Р’В Р вЂ™Р’В Р В РІР‚в„ўР вЂ™Р’В Р В Р’В Р Р†Р вЂљРІвЂћСћР В РІР‚в„ўР вЂ™Р’В Р В Р’В Р вЂ™Р’В Р В Р’В Р Р†Р вЂљР’В Р В Р’В Р вЂ™Р’В Р В Р вЂ Р В РІР‚С™Р РЋРІвЂћСћР В Р’В Р В РІР‚В Р В Р вЂ Р В РІР‚С™Р РЋРІР‚С”Р В Р Р‹Р РЋРІР‚С”Р В Р’В Р вЂ™Р’В Р В РІР‚в„ўР вЂ™Р’В Р В Р’В Р В РІР‚В Р В Р’В Р Р†Р вЂљРЎв„ўР В Р вЂ Р Р†Р вЂљРЎвЂєР РЋРЎвЂєР В Р’В Р вЂ™Р’В Р В Р вЂ Р В РІР‚С™Р Р†РІР‚С›РЎС›Р В Р’В Р Р†Р вЂљРІвЂћСћР В РІР‚в„ўР вЂ™Р’В Р В Р’В Р вЂ™Р’В Р В РІР‚в„ўР вЂ™Р’В Р В Р’В Р Р†Р вЂљРІвЂћСћР В РІР‚в„ўР вЂ™Р’В Р В Р’В Р вЂ™Р’В Р В Р вЂ Р В РІР‚С™Р Р†РІР‚С›РЎС›Р В Р’В Р Р†Р вЂљРІвЂћСћР В РІР‚в„ўР вЂ™Р’В Р В Р’В Р вЂ™Р’В Р В РІР‚в„ўР вЂ™Р’В Р В Р’В Р вЂ™Р’В Р В Р вЂ Р В РІР‚С™Р вЂ™Р’В Р В Р’В Р вЂ™Р’В Р В РІР‚в„ўР вЂ™Р’В Р В Р’В Р В РІР‚В Р В Р’В Р Р†Р вЂљРЎв„ўР В Р Р‹Р Р†РІР‚С›РЎС›Р В Р’В Р вЂ™Р’В Р В Р’В Р Р†Р вЂљР’В Р В Р’В Р В РІР‚В Р В Р’В Р Р†Р вЂљРЎв„ўР В Р Р‹Р Р†Р вЂљРЎвЂќР В Р’В Р В Р вЂ№Р В Р Р‹Р Р†Р вЂљРЎвЂќР В Р’В Р вЂ™Р’В Р В РІР‚в„ўР вЂ™Р’В Р В Р’В Р Р†Р вЂљРІвЂћСћР В РІР‚в„ўР вЂ™Р’В Р В Р’В Р вЂ™Р’В Р В Р’В Р Р†Р вЂљР’В Р В Р’В Р вЂ™Р’В Р В Р вЂ Р В РІР‚С™Р РЋРІвЂћСћР В Р’В Р В РІР‚В Р В Р вЂ Р В РІР‚С™Р РЋРІР‚С”Р В Р Р‹Р РЋРІР‚С”Р В Р’В Р вЂ™Р’В Р В РІР‚в„ўР вЂ™Р’В Р В Р’В Р В РІР‚В Р В Р’В Р Р†Р вЂљРЎв„ўР В Р вЂ Р Р†Р вЂљРЎвЂєР РЋРЎвЂєР В Р’В Р вЂ™Р’В Р В Р вЂ Р В РІР‚С™Р Р†РІР‚С›РЎС›Р В Р’В Р Р†Р вЂљРІвЂћСћР В РІР‚в„ўР вЂ™Р’В Р В Р’В Р вЂ™Р’В Р В РІР‚в„ўР вЂ™Р’В Р В Р’В Р Р†Р вЂљРІвЂћСћР В РІР‚в„ўР вЂ™Р’В Р В Р’В Р вЂ™Р’В Р В Р вЂ Р В РІР‚С™Р Р†РІР‚С›РЎС›Р В Р’В Р Р†Р вЂљРІвЂћСћР В РІР‚в„ўР вЂ™Р’В Р В Р’В Р вЂ™Р’В Р В РІР‚в„ўР вЂ™Р’В Р В Р’В Р В РІР‚В Р В Р’В Р Р†Р вЂљРЎв„ўР В Р вЂ Р Р†Р вЂљРЎвЂєР РЋРЎвЂєР В Р’В Р вЂ™Р’В Р В Р вЂ Р В РІР‚С™Р Р†РІР‚С›РЎС›Р В Р’В Р Р†Р вЂљРІвЂћСћР В РІР‚в„ўР вЂ™Р’В Р В Р’В Р вЂ™Р’В Р В РІР‚в„ўР вЂ™Р’В Р В Р’В Р Р†Р вЂљРІвЂћСћР В РІР‚в„ўР вЂ™Р’В Р В Р’В Р вЂ™Р’В Р В РІР‚в„ўР вЂ™Р’В Р В Р’В Р В РІР‚В Р В Р’В Р Р†Р вЂљРЎв„ўР В РІР‚в„ўР вЂ™Р’В Р В Р’В Р вЂ™Р’В Р В РІР‚в„ўР вЂ™Р’В Р В Р’В Р Р†Р вЂљРІвЂћСћР В РІР‚в„ўР вЂ™Р’В Р В Р’В Р вЂ™Р’В Р В Р’В Р Р†Р вЂљР’В Р В Р’В Р вЂ™Р’В Р В Р вЂ Р В РІР‚С™Р РЋРІвЂћСћР В Р’В Р В Р вЂ№Р В Р вЂ Р Р†Р вЂљРЎвЂєР РЋРЎвЂєР В Р’В Р вЂ™Р’В Р В РІР‚в„ўР вЂ™Р’В Р В Р’В Р вЂ™Р’В Р В Р вЂ Р В РІР‚С™Р вЂ™Р’В Р В Р’В Р вЂ™Р’В Р В Р’В Р Р†Р вЂљР’В Р В Р’В Р вЂ™Р’В Р В Р вЂ Р В РІР‚С™Р РЋРІвЂћСћР В Р’В Р В Р вЂ№Р В Р вЂ Р В РІР‚С™Р РЋРІР‚СњР В Р’В Р вЂ™Р’В Р В Р’В Р В РІР‚в„–Р В Р’В Р В Р вЂ№Р В Р вЂ Р В РІР‚С™Р РЋРІР‚СњР В Р’В Р вЂ™Р’В Р В РІР‚в„ўР вЂ™Р’В Р В Р’В Р Р†Р вЂљРІвЂћСћР В РІР‚в„ўР вЂ™Р’В Р В Р’В Р вЂ™Р’В Р В Р вЂ Р В РІР‚С™Р Р†РІР‚С›РЎС›Р В Р’В Р Р†Р вЂљРІвЂћСћР В РІР‚в„ўР вЂ™Р’В Р В Р’В Р вЂ™Р’В Р В РІР‚в„ўР вЂ™Р’В Р В Р’В Р вЂ™Р’В Р В Р вЂ Р В РІР‚С™Р вЂ™Р’В Р В Р’В Р вЂ™Р’В Р В РІР‚в„ўР вЂ™Р’В Р В Р’В Р В РІР‚В Р В Р’В Р Р†Р вЂљРЎв„ўР В Р Р‹Р Р†РІР‚С›РЎС›Р В Р’В Р вЂ™Р’В Р В Р’В Р Р†Р вЂљР’В Р В Р’В Р В РІР‚В Р В Р’В Р Р†Р вЂљРЎв„ўР В Р Р‹Р Р†Р вЂљРЎвЂќР В Р’В Р В Р вЂ№Р В Р Р‹Р Р†Р вЂљРЎвЂќР В Р’В Р вЂ™Р’В Р В РІР‚в„ўР вЂ™Р’В Р В Р’В Р Р†Р вЂљРІвЂћСћР В РІР‚в„ўР вЂ™Р’В Р В Р’В Р вЂ™Р’В Р В Р’В Р Р†Р вЂљР’В Р В Р’В Р вЂ™Р’В Р В Р вЂ Р В РІР‚С™Р РЋРІвЂћСћР В Р’В Р В РІР‚В Р В Р вЂ Р В РІР‚С™Р РЋРІР‚С”Р В Р Р‹Р РЋРІР‚С”Р В Р’В Р вЂ™Р’В Р В РІР‚в„ўР вЂ™Р’В Р В Р’В Р В РІР‚В Р В Р’В Р Р†Р вЂљРЎв„ўР В Р вЂ Р Р†Р вЂљРЎвЂєР РЋРЎвЂєР В Р’В Р вЂ™Р’В Р В Р вЂ Р В РІР‚С™Р Р†РІР‚С›РЎС›Р В Р’В Р Р†Р вЂљРІвЂћСћР В РІР‚в„ўР вЂ™Р’В Р В Р’В Р вЂ™Р’В Р В РІР‚в„ўР вЂ™Р’В Р В Р’В Р Р†Р вЂљРІвЂћСћР В РІР‚в„ўР вЂ™Р’В Р В Р’В Р вЂ™Р’В Р В Р вЂ Р В РІР‚С™Р Р†РІР‚С›РЎС›Р В Р’В Р Р†Р вЂљРІвЂћСћР В РІР‚в„ўР вЂ™Р’В Р В Р’В Р вЂ™Р’В Р В РІР‚в„ўР вЂ™Р’В Р В Р’В Р В РІР‚В Р В Р’В Р Р†Р вЂљРЎв„ўР В Р вЂ Р Р†Р вЂљРЎвЂєР РЋРЎвЂєР В Р’В Р вЂ™Р’В Р В Р вЂ Р В РІР‚С™Р Р†РІР‚С›РЎС›Р В Р’В Р Р†Р вЂљРІвЂћСћР В РІР‚в„ўР вЂ™Р’В Р В Р’В Р вЂ™Р’В Р В РІР‚в„ўР вЂ™Р’В Р В Р’В Р Р†Р вЂљРІвЂћСћР В РІР‚в„ўР вЂ™Р’В Р В Р’В Р вЂ™Р’В Р В Р’В Р Р†Р вЂљР’В Р В Р’В Р вЂ™Р’В Р В Р вЂ Р В РІР‚С™Р РЋРІвЂћСћР В Р’В Р В РІР‚В Р В Р вЂ Р В РІР‚С™Р РЋРІР‚С”Р В Р Р‹Р РЋРІР‚С”Р В Р’В Р вЂ™Р’В Р В РІР‚в„ўР вЂ™Р’В Р В Р’В Р В РІР‚В Р В Р’В Р Р†Р вЂљРЎв„ўР В Р вЂ Р Р†Р вЂљРЎвЂєР РЋРЎвЂєР В Р’В Р вЂ™Р’В Р В Р вЂ Р В РІР‚С™Р Р†РІР‚С›РЎС›Р В Р’В Р Р†Р вЂљРІвЂћСћР В РІР‚в„ўР вЂ™Р’В Р В Р’В Р вЂ™Р’В Р В РІР‚в„ўР вЂ™Р’В Р В Р’В Р Р†Р вЂљРІвЂћСћР В РІР‚в„ўР вЂ™Р’В Р В Р’В Р вЂ™Р’В Р В Р вЂ Р В РІР‚С™Р Р†РІР‚С›РЎС›Р В Р’В Р Р†Р вЂљРІвЂћСћР В РІР‚в„ўР вЂ™Р’В Р В Р’В Р вЂ™Р’В Р В РІР‚в„ўР вЂ™Р’В Р В Р’В Р вЂ™Р’В Р В Р вЂ Р В РІР‚С™Р вЂ™Р’В Р В Р’В Р вЂ™Р’В Р В РІР‚в„ўР вЂ™Р’В Р В Р’В Р В РІР‚В Р В Р’В Р Р†Р вЂљРЎв„ўР В Р Р‹Р Р†РІР‚С›РЎС›Р В Р’В Р вЂ™Р’В Р В Р’В Р Р†Р вЂљР’В Р В Р’В Р В РІР‚В Р В Р’В Р Р†Р вЂљРЎв„ўР В Р Р‹Р Р†Р вЂљРЎвЂќР В Р’В Р В Р вЂ№Р В Р Р‹Р Р†Р вЂљРЎвЂќР В Р’В Р вЂ™Р’В Р В РІР‚в„ўР вЂ™Р’В Р В Р’В Р Р†Р вЂљРІвЂћСћР В РІР‚в„ўР вЂ™Р’В Р В Р’В Р вЂ™Р’В Р В Р’В Р Р†Р вЂљР’В Р В Р’В Р вЂ™Р’В Р В Р вЂ Р В РІР‚С™Р РЋРІвЂћСћР В Р’В Р В РІР‚В Р В Р вЂ Р В РІР‚С™Р РЋРІР‚С”Р В Р Р‹Р РЋРІР‚С”Р В Р’В Р вЂ™Р’В Р В РІР‚в„ўР вЂ™Р’В Р В Р’В Р В РІР‚В Р В Р’В Р Р†Р вЂљРЎв„ўР В Р вЂ Р Р†Р вЂљРЎвЂєР РЋРЎвЂєР В Р’В Р вЂ™Р’В Р В Р вЂ Р В РІР‚С™Р Р†РІР‚С›РЎС›Р В Р’В Р Р†Р вЂљРІвЂћСћР В РІР‚в„ўР вЂ™Р’В Р В Р’В Р вЂ™Р’В Р В РІР‚в„ўР вЂ™Р’В Р В Р’В Р Р†Р вЂљРІвЂћСћР В РІР‚в„ўР вЂ™Р’В Р В Р’В Р вЂ™Р’В Р В Р вЂ Р В РІР‚С™Р Р†РІР‚С›РЎС›Р В Р’В Р Р†Р вЂљРІвЂћСћР В РІР‚в„ўР вЂ™Р’В Р В Р’В Р вЂ™Р’В Р В РІР‚в„ўР вЂ™Р’В Р В Р’В Р В РІР‚В Р В Р’В Р Р†Р вЂљРЎв„ўР В Р вЂ Р Р†Р вЂљРЎвЂєР РЋРЎвЂєР В Р’В Р вЂ™Р’В Р В Р вЂ Р В РІР‚С™Р Р†РІР‚С›РЎС›Р В Р’В Р Р†Р вЂљРІвЂћСћР В РІР‚в„ўР вЂ™Р’В Р В Р’В Р вЂ™Р’В Р В РІР‚в„ўР вЂ™Р’В Р В Р’В Р Р†Р вЂљРІвЂћСћР В РІР‚в„ўР вЂ™Р’В Р В Р’В Р вЂ™Р’В Р В Р вЂ Р В РІР‚С™Р Р†РІР‚С›РЎС›Р В Р’В Р Р†Р вЂљРІвЂћСћР В РІР‚в„ўР вЂ™Р’В Р В Р’В Р вЂ™Р’В Р В РІР‚в„ўР вЂ™Р’В Р В Р’В Р вЂ™Р’В Р В Р вЂ Р В РІР‚С™Р вЂ™Р’В Р В Р’В Р вЂ™Р’В Р В РІР‚в„ўР вЂ™Р’В Р В Р’В Р В РІР‚В Р В Р’В Р Р†Р вЂљРЎв„ўР В Р Р‹Р Р†РІР‚С›РЎС›Р В Р’В Р вЂ™Р’В Р В Р вЂ Р В РІР‚С™Р Р†РІР‚С›РЎС›Р В Р’В Р Р†Р вЂљРІвЂћСћР В РІР‚в„ўР вЂ™Р’В Р В Р’В Р вЂ™Р’В Р В РІР‚в„ўР вЂ™Р’В Р В Р’В Р Р†Р вЂљРІвЂћСћР В РІР‚в„ўР вЂ™Р’В Р В Р’В Р вЂ™Р’В Р В Р вЂ Р В РІР‚С™Р Р†РІР‚С›РЎС›Р В Р’В Р Р†Р вЂљРІвЂћСћР В РІР‚в„ўР вЂ™Р’В Р В Р’В Р вЂ™Р’В Р В РІР‚в„ўР вЂ™Р’В Р В Р’В Р В РІР‚В Р В Р’В Р Р†Р вЂљРЎв„ўР В Р вЂ Р Р†Р вЂљРЎвЂєР РЋРЎвЂєР В Р’В Р вЂ™Р’В Р В Р вЂ Р В РІР‚С™Р Р†РІР‚С›РЎС›Р В Р’В Р Р†Р вЂљРІвЂћСћР В РІР‚в„ўР вЂ™Р’В Р В Р’В Р вЂ™Р’В Р В РІР‚в„ўР вЂ™Р’В Р В Р’В Р Р†Р вЂљРІвЂћСћР В РІР‚в„ўР вЂ™Р’В Р В Р’В Р вЂ™Р’В Р В РІР‚в„ўР вЂ™Р’В Р В Р’В Р В РІР‚В Р В Р’В Р Р†Р вЂљРЎв„ўР В РІР‚в„ўР вЂ™Р’В Р В Р’В Р вЂ™Р’В Р В РІР‚в„ўР вЂ™Р’В Р В Р’В Р Р†Р вЂљРІвЂћСћР В РІР‚в„ўР вЂ™Р’В Р В Р’В Р вЂ™Р’В Р В Р’В Р Р†Р вЂљР’В Р В Р’В Р вЂ™Р’В Р В Р вЂ Р В РІР‚С™Р РЋРІвЂћСћР В Р’В Р В Р вЂ№Р В Р вЂ Р Р†Р вЂљРЎвЂєР РЋРЎвЂєР В Р’В Р вЂ™Р’В Р В РІР‚в„ўР вЂ™Р’В Р В Р’В Р вЂ™Р’В Р В Р’В Р Р†Р вЂљРІвЂћвЂ“Р В Р’В Р вЂ™Р’В Р В Р’В Р Р†Р вЂљР’В Р В Р’В Р В РІР‚В Р В Р’В Р Р†Р вЂљРЎв„ўР В Р Р‹Р Р†Р вЂљРЎвЂќР В Р’В Р В Р вЂ№Р В Р Р‹Р Р†Р вЂљРЎвЂќР В Р’В Р вЂ™Р’В Р В РІР‚в„ўР вЂ™Р’В Р В Р’В Р Р†Р вЂљРІвЂћСћР В РІР‚в„ўР вЂ™Р’В Р В Р’В Р вЂ™Р’В Р В Р вЂ Р В РІР‚С™Р Р†РІР‚С›РЎС›Р В Р’В Р Р†Р вЂљРІвЂћСћР В РІР‚в„ўР вЂ™Р’В Р В Р’В Р вЂ™Р’В Р В РІР‚в„ўР вЂ™Р’В Р В Р’В Р вЂ™Р’В Р В Р вЂ Р В РІР‚С™Р вЂ™Р’В Р В Р’В Р вЂ™Р’В Р В РІР‚в„ўР вЂ™Р’В Р В Р’В Р В РІР‚В Р В Р’В Р Р†Р вЂљРЎв„ўР В Р Р‹Р Р†РІР‚С›РЎС›Р В Р’В Р вЂ™Р’В Р В Р’В Р Р†Р вЂљР’В Р В Р’В Р В РІР‚В Р В Р’В Р Р†Р вЂљРЎв„ўР В Р Р‹Р Р†Р вЂљРЎвЂќР В Р’В Р В Р вЂ№Р В Р Р‹Р Р†Р вЂљРЎвЂќР В Р’В Р вЂ™Р’В Р В РІР‚в„ўР вЂ™Р’В Р В Р’В Р Р†Р вЂљРІвЂћСћР В РІР‚в„ўР вЂ™Р’В Р В Р’В Р вЂ™Р’В Р В Р’В Р Р†Р вЂљР’В Р В Р’В Р вЂ™Р’В Р В Р вЂ Р В РІР‚С™Р РЋРІвЂћСћР В Р’В Р В РІР‚В Р В Р вЂ Р В РІР‚С™Р РЋРІР‚С”Р В Р Р‹Р РЋРІР‚С”Р В Р’В Р вЂ™Р’В Р В РІР‚в„ўР вЂ™Р’В Р В Р’В Р В РІР‚В Р В Р’В Р Р†Р вЂљРЎв„ўР В Р вЂ Р Р†Р вЂљРЎвЂєР РЋРЎвЂєР В Р’В Р вЂ™Р’В Р В Р вЂ Р В РІР‚С™Р Р†РІР‚С›РЎС›Р В Р’В Р Р†Р вЂљРІвЂћСћР В РІР‚в„ўР вЂ™Р’В¦Р В Р’В Р вЂ™Р’В Р В РІР‚в„ўР вЂ™Р’В Р В Р’В Р Р†Р вЂљРІвЂћСћР В РІР‚в„ўР вЂ™Р’В Р В Р’В Р вЂ™Р’В Р В Р вЂ Р В РІР‚С™Р Р†РІР‚С›РЎС›Р В Р’В Р Р†Р вЂљРІвЂћСћР В РІР‚в„ўР вЂ™Р’В Р В Р’В Р вЂ™Р’В Р В РІР‚в„ўР вЂ™Р’В Р В Р’В Р В РІР‚В Р В Р’В Р Р†Р вЂљРЎв„ўР В Р вЂ Р Р†Р вЂљРЎвЂєР РЋРЎвЂєР В Р’В Р вЂ™Р’В Р В Р вЂ Р В РІР‚С™Р Р†РІР‚С›РЎС›Р В Р’В Р Р†Р вЂљРІвЂћСћР В РІР‚в„ўР вЂ™Р’В Р В Р’В Р вЂ™Р’В Р В РІР‚в„ўР вЂ™Р’В Р В Р’В Р Р†Р вЂљРІвЂћСћР В РІР‚в„ўР вЂ™Р’В Р В Р’В Р вЂ™Р’В Р В Р’В Р Р†Р вЂљР’В Р В Р’В Р вЂ™Р’В Р В Р вЂ Р В РІР‚С™Р РЋРІвЂћСћР В Р’В Р В РІР‚В Р В Р вЂ Р В РІР‚С™Р РЋРІР‚С”Р В Р Р‹Р РЋРІР‚С”Р В Р’В Р вЂ™Р’В Р В РІР‚в„ўР вЂ™Р’В Р В Р’В Р В РІР‚В Р В Р’В Р Р†Р вЂљРЎв„ўР В Р вЂ Р Р†Р вЂљРЎвЂєР РЋРЎвЂєР В Р’В Р вЂ™Р’В Р В Р вЂ Р В РІР‚С™Р Р†РІР‚С›РЎС›Р В Р’В Р Р†Р вЂљРІвЂћСћР В РІР‚в„ўР вЂ™Р’В Р В Р’В Р вЂ™Р’В Р В РІР‚в„ўР вЂ™Р’В Р В Р’В Р Р†Р вЂљРІвЂћСћР В РІР‚в„ўР вЂ™Р’В Р В Р’В Р вЂ™Р’В Р В Р вЂ Р В РІР‚С™Р Р†РІР‚С›РЎС›Р В Р’В Р Р†Р вЂљРІвЂћСћР В РІР‚в„ўР вЂ™Р’В Р В Р’В Р вЂ™Р’В Р В РІР‚в„ўР вЂ™Р’В Р В Р’В Р вЂ™Р’В Р В Р вЂ Р В РІР‚С™Р вЂ™Р’В Р В Р’В Р вЂ™Р’В Р В РІР‚в„ўР вЂ™Р’В Р В Р’В Р В РІР‚В Р В Р’В Р Р†Р вЂљРЎв„ўР В Р Р‹Р Р†РІР‚С›РЎС›Р В Р’В Р вЂ™Р’В Р В Р’В Р Р†Р вЂљР’В Р В Р’В Р В РІР‚В Р В Р’В Р Р†Р вЂљРЎв„ўР В Р Р‹Р Р†Р вЂљРЎвЂќР В Р’В Р В Р вЂ№Р В Р Р‹Р Р†Р вЂљРЎвЂќР В Р’В Р вЂ™Р’В Р В РІР‚в„ўР вЂ™Р’В Р В Р’В Р Р†Р вЂљРІвЂћСћР В РІР‚в„ўР вЂ™Р’В Р В Р’В Р вЂ™Р’В Р В Р’В Р Р†Р вЂљР’В Р В Р’В Р вЂ™Р’В Р В Р вЂ Р В РІР‚С™Р РЋРІвЂћСћР В Р’В Р В РІР‚В Р В Р вЂ Р В РІР‚С™Р РЋРІР‚С”Р В Р Р‹Р РЋРІР‚С”Р В Р’В Р вЂ™Р’В Р В РІР‚в„ўР вЂ™Р’В Р В Р’В Р В РІР‚В Р В Р’В Р Р†Р вЂљРЎв„ўР В Р вЂ Р Р†Р вЂљРЎвЂєР РЋРЎвЂєР В Р’В Р вЂ™Р’В Р В Р вЂ Р В РІР‚С™Р Р†РІР‚С›РЎС›Р В Р’В Р Р†Р вЂљРІвЂћСћР В РІР‚в„ўР вЂ™Р’В Р В Р’В Р вЂ™Р’В Р В РІР‚в„ўР вЂ™Р’В Р В Р’В Р Р†Р вЂљРІвЂћСћР В РІР‚в„ўР вЂ™Р’В Р В Р’В Р вЂ™Р’В Р В Р вЂ Р В РІР‚С™Р Р†РІР‚С›РЎС›Р В Р’В Р Р†Р вЂљРІвЂћСћР В РІР‚в„ўР вЂ™Р’В Р В Р’В Р вЂ™Р’В Р В РІР‚в„ўР вЂ™Р’В Р В Р’В Р В РІР‚В Р В Р’В Р Р†Р вЂљРЎв„ўР В Р вЂ Р Р†Р вЂљРЎвЂєР РЋРЎвЂєР В Р’В Р вЂ™Р’В Р В Р вЂ Р В РІР‚С™Р Р†РІР‚С›РЎС›Р В Р’В Р Р†Р вЂљРІвЂћСћР В РІР‚в„ўР вЂ™Р’В Р В Р’В Р вЂ™Р’В Р В РІР‚в„ўР вЂ™Р’В Р В Р’В Р Р†Р вЂљРІвЂћСћР В РІР‚в„ўР вЂ™Р’В Р В Р’В Р вЂ™Р’В Р В РІР‚в„ўР вЂ™Р’В Р В Р’В Р В РІР‚В Р В Р’В Р Р†Р вЂљРЎв„ўР В РІР‚в„ўР вЂ™Р’В Р В Р’В Р вЂ™Р’В Р В РІР‚в„ўР вЂ™Р’В Р В Р’В Р Р†Р вЂљРІвЂћСћР В РІР‚в„ўР вЂ™Р’В Р В Р’В Р вЂ™Р’В Р В Р’В Р Р†Р вЂљР’В Р В Р’В Р вЂ™Р’В Р В Р вЂ Р В РІР‚С™Р РЋРІвЂћСћР В Р’В Р В Р вЂ№Р В Р вЂ Р Р†Р вЂљРЎвЂєР РЋРЎвЂєР В Р’В Р вЂ™Р’В Р В РІР‚в„ўР вЂ™Р’В Р В Р’В Р вЂ™Р’В Р В Р вЂ Р В РІР‚С™Р вЂ™Р’В Р В Р’В Р вЂ™Р’В Р В Р’В Р Р†Р вЂљР’В Р В Р’В Р вЂ™Р’В Р В Р вЂ Р В РІР‚С™Р РЋРІвЂћСћР В Р’В Р В Р вЂ№Р В Р вЂ Р В РІР‚С™Р РЋРІР‚СњР В Р’В Р вЂ™Р’В Р В Р’В Р В РІР‚в„–Р В Р’В Р В Р вЂ№Р В Р вЂ Р В РІР‚С™Р РЋРІР‚СњР В Р’В Р вЂ™Р’В Р В РІР‚в„ўР вЂ™Р’В Р В Р’В Р Р†Р вЂљРІвЂћСћР В РІР‚в„ўР вЂ™Р’В Р В Р’В Р вЂ™Р’В Р В Р вЂ Р В РІР‚С™Р Р†РІР‚С›РЎС›Р В Р’В Р Р†Р вЂљРІвЂћСћР В РІР‚в„ўР вЂ™Р’В Р В Р’В Р вЂ™Р’В Р В РІР‚в„ўР вЂ™Р’В Р В Р’В Р вЂ™Р’В Р В Р вЂ Р В РІР‚С™Р вЂ™Р’В Р В Р’В Р вЂ™Р’В Р В РІР‚в„ўР вЂ™Р’В Р В Р’В Р В РІР‚В Р В Р’В Р Р†Р вЂљРЎв„ўР В Р Р‹Р Р†РІР‚С›РЎС›Р В Р’В Р вЂ™Р’В Р В Р’В Р Р†Р вЂљР’В Р В Р’В Р В РІР‚В Р В Р’В Р Р†Р вЂљРЎв„ўР В Р Р‹Р Р†Р вЂљРЎвЂќР В Р’В Р В Р вЂ№Р В Р Р‹Р Р†Р вЂљРЎвЂќР В Р’В Р вЂ™Р’В Р В РІР‚в„ўР вЂ™Р’В Р В Р’В Р Р†Р вЂљРІвЂћСћР В РІР‚в„ўР вЂ™Р’В Р В Р’В Р вЂ™Р’В Р В Р’В Р Р†Р вЂљР’В Р В Р’В Р вЂ™Р’В Р В Р вЂ Р В РІР‚С™Р РЋРІвЂћСћР В Р’В Р В РІР‚В Р В Р вЂ Р В РІР‚С™Р РЋРІР‚С”Р В Р Р‹Р РЋРІР‚С”Р В Р’В Р вЂ™Р’В Р В РІР‚в„ўР вЂ™Р’В Р В Р’В Р В РІР‚В Р В Р’В Р Р†Р вЂљРЎв„ўР В Р вЂ Р Р†Р вЂљРЎвЂєР РЋРЎвЂєР В Р’В Р вЂ™Р’В Р В Р вЂ Р В РІР‚С™Р Р†РІР‚С›РЎС›Р В Р’В Р Р†Р вЂљРІвЂћСћР В РІР‚в„ўР вЂ™Р’В Р В Р’В Р вЂ™Р’В Р В РІР‚в„ўР вЂ™Р’В Р В Р’В Р Р†Р вЂљРІвЂћСћР В РІР‚в„ўР вЂ™Р’В Р В Р’В Р вЂ™Р’В Р В Р вЂ Р В РІР‚С™Р Р†РІР‚С›РЎС›Р В Р’В Р Р†Р вЂљРІвЂћСћР В РІР‚в„ўР вЂ™Р’В Р В Р’В Р вЂ™Р’В Р В РІР‚в„ўР вЂ™Р’В Р В Р’В Р В РІР‚В Р В Р’В Р Р†Р вЂљРЎв„ўР В Р вЂ Р Р†Р вЂљРЎвЂєР РЋРЎвЂєР В Р’В Р вЂ™Р’В Р В Р вЂ Р В РІР‚С™Р Р†РІР‚С›РЎС›Р В Р’В Р Р†Р вЂљРІвЂћСћР В РІР‚в„ўР вЂ™Р’В Р В Р’В Р вЂ™Р’В Р В РІР‚в„ўР вЂ™Р’В Р В Р’В Р Р†Р вЂљРІвЂћСћР В РІР‚в„ўР вЂ™Р’В Р В Р’В Р вЂ™Р’В Р В Р’В Р Р†Р вЂљР’В Р В Р’В Р вЂ™Р’В Р В Р вЂ Р В РІР‚С™Р РЋРІвЂћСћР В Р’В Р В РІР‚В Р В Р вЂ Р В РІР‚С™Р РЋРІР‚С”Р В Р Р‹Р РЋРІР‚С”Р В Р’В Р вЂ™Р’В Р В РІР‚в„ўР вЂ™Р’В Р В Р’В Р В РІР‚В Р В Р’В Р Р†Р вЂљРЎв„ўР В Р вЂ Р Р†Р вЂљРЎвЂєР РЋРЎвЂєР В Р’В Р вЂ™Р’В Р В Р вЂ Р В РІР‚С™Р Р†РІР‚С›РЎС›Р В Р’В Р Р†Р вЂљРІвЂћСћР В РІР‚в„ўР вЂ™Р’В Р В Р’В Р вЂ™Р’В Р В РІР‚в„ўР вЂ™Р’В Р В Р’В Р Р†Р вЂљРІвЂћСћР В РІР‚в„ўР вЂ™Р’В Р В Р’В Р вЂ™Р’В Р В Р вЂ Р В РІР‚С™Р Р†РІР‚С›РЎС›Р В Р’В Р Р†Р вЂљРІвЂћСћР В РІР‚в„ўР вЂ™Р’В Р В Р’В Р вЂ™Р’В Р В РІР‚в„ўР вЂ™Р’В Р В Р’В Р В РІР‚В Р В Р’В Р Р†Р вЂљРЎв„ўР В Р вЂ Р Р†Р вЂљРЎвЂєР РЋРЎвЂєР В Р’В Р вЂ™Р’В Р В Р вЂ Р В РІР‚С™Р Р†РІР‚С›РЎС›Р В Р’В Р Р†Р вЂљРІвЂћСћР В РІР‚в„ўР вЂ™Р’В Р В Р’В Р вЂ™Р’В Р В РІР‚в„ўР вЂ™Р’В Р В Р’В Р Р†Р вЂљРІвЂћСћР В РІР‚в„ўР вЂ™Р’В Р В Р’В Р вЂ™Р’В Р В Р вЂ Р В РІР‚С™Р Р†РІР‚С›РЎС›Р В Р’В Р Р†Р вЂљРІвЂћСћР В РІР‚в„ўР вЂ™Р’В Р В Р’В Р вЂ™Р’В Р В РІР‚в„ўР вЂ™Р’В Р В Р’В Р вЂ™Р’В Р В Р вЂ Р В РІР‚С™Р вЂ™Р’В Р В Р’В Р вЂ™Р’В Р В РІР‚в„ўР вЂ™Р’В Р В Р’В Р В РІР‚В Р В Р’В Р Р†Р вЂљРЎв„ўР В Р Р‹Р Р†РІР‚С›РЎС›Р В Р’В Р вЂ™Р’В Р В Р’В Р Р†Р вЂљР’В Р В Р’В Р В РІР‚В Р В Р’В Р Р†Р вЂљРЎв„ўР В Р Р‹Р Р†Р вЂљРЎвЂќР В Р’В Р В РІР‚В Р В Р’В Р Р†Р вЂљРЎв„ўР В Р вЂ Р В РІР‚С™Р РЋРЎв„ўР В Р’В Р вЂ™Р’В Р В РІР‚в„ўР вЂ™Р’В Р В Р’В Р Р†Р вЂљРІвЂћСћР В РІР‚в„ўР вЂ™Р’В Р В Р’В Р вЂ™Р’В Р В Р вЂ Р В РІР‚С™Р Р†РІР‚С›РЎС›Р В Р’В Р Р†Р вЂљРІвЂћСћР В РІР‚в„ўР вЂ™Р’В Р В Р’В Р вЂ™Р’В Р В РІР‚в„ўР вЂ™Р’В Р В Р’В Р В РІР‚В Р В Р’В Р Р†Р вЂљРЎв„ўР В Р вЂ Р Р†Р вЂљРЎвЂєР РЋРЎвЂєР В Р’В Р вЂ™Р’В Р В Р вЂ Р В РІР‚С™Р Р†РІР‚С›РЎС›Р В Р’В Р Р†Р вЂљРІвЂћСћР В РІР‚в„ўР вЂ™Р’В Р В Р’В Р вЂ™Р’В Р В РІР‚в„ўР вЂ™Р’В Р В Р’В Р Р†Р вЂљРІвЂћСћР В РІР‚в„ўР вЂ™Р’В Р В Р’В Р вЂ™Р’В Р В Р вЂ Р В РІР‚С™Р Р†РІР‚С›РЎС›Р В Р’В Р Р†Р вЂљРІвЂћСћР В РІР‚в„ўР вЂ™Р’В Р В Р’В Р вЂ™Р’В Р В РІР‚в„ўР вЂ™Р’В Р В Р’В Р вЂ™Р’В Р В Р вЂ Р В РІР‚С™Р вЂ™Р’В Р В Р’В Р вЂ™Р’В Р В РІР‚в„ўР вЂ™Р’В Р В Р’В Р В РІР‚В Р В Р’В Р Р†Р вЂљРЎв„ўР В Р Р‹Р Р†РІР‚С›РЎС›Р В Р’В Р вЂ™Р’В Р В Р вЂ Р В РІР‚С™Р Р†РІР‚С›РЎС›Р В Р’В Р Р†Р вЂљРІвЂћСћР В РІР‚в„ўР вЂ™Р’В Р В Р’В Р вЂ™Р’В Р В РІР‚в„ўР вЂ™Р’В Р В Р’В Р Р†Р вЂљРІвЂћСћР В РІР‚в„ўР вЂ™Р’В Р В Р’В Р вЂ™Р’В Р В Р вЂ Р В РІР‚С™Р Р†РІР‚С›РЎС›Р В Р’В Р Р†Р вЂљРІвЂћСћР В РІР‚в„ўР вЂ™Р’В Р В Р’В Р вЂ™Р’В Р В РІР‚в„ўР вЂ™Р’В Р В Р’В Р В РІР‚В Р В Р’В Р Р†Р вЂљРЎв„ўР В Р вЂ Р Р†Р вЂљРЎвЂєР РЋРЎвЂєР В Р’В Р вЂ™Р’В Р В Р вЂ Р В РІР‚С™Р Р†РІР‚С›РЎС›Р В Р’В Р Р†Р вЂљРІвЂћСћР В РІР‚в„ўР вЂ™Р’В Р В Р’В Р вЂ™Р’В Р В РІР‚в„ўР вЂ™Р’В Р В Р’В Р Р†Р вЂљРІвЂћСћР В РІР‚в„ўР вЂ™Р’В Р В Р’В Р вЂ™Р’В Р В РІР‚в„ўР вЂ™Р’В Р В Р’В Р В РІР‚В Р В Р’В Р Р†Р вЂљРЎв„ўР В РІР‚в„ўР вЂ™Р’В Р В Р’В Р вЂ™Р’В Р В РІР‚в„ўР вЂ™Р’В Р В Р’В Р Р†Р вЂљРІвЂћСћР В РІР‚в„ўР вЂ™Р’В Р В Р’В Р вЂ™Р’В Р В Р’В Р Р†Р вЂљР’В Р В Р’В Р вЂ™Р’В Р В Р вЂ Р В РІР‚С™Р РЋРІвЂћСћР В Р’В Р В Р вЂ№Р В Р вЂ Р Р†Р вЂљРЎвЂєР РЋРЎвЂєР В Р’В Р вЂ™Р’В Р В РІР‚в„ўР вЂ™Р’В Р В Р’В Р вЂ™Р’В Р В Р’В Р Р†Р вЂљРІвЂћвЂ“Р В Р’В Р вЂ™Р’В Р В Р’В Р Р†Р вЂљР’В Р В Р’В Р В РІР‚В Р В Р’В Р Р†Р вЂљРЎв„ўР В Р Р‹Р Р†Р вЂљРЎвЂќР В Р’В Р В Р вЂ№Р В Р Р‹Р Р†Р вЂљРЎвЂќР В Р’В Р вЂ™Р’В Р В РІР‚в„ўР вЂ™Р’В Р В Р’В Р Р†Р вЂљРІвЂћСћР В РІР‚в„ўР вЂ™Р’В Р В Р’В Р вЂ™Р’В Р В Р вЂ Р В РІР‚С™Р Р†РІР‚С›РЎС›Р В Р’В Р Р†Р вЂљРІвЂћСћР В РІР‚в„ўР вЂ™Р’В Р В Р’В Р вЂ™Р’В Р В РІР‚в„ўР вЂ™Р’В Р В Р’В Р Р†Р вЂљРІвЂћСћР В РІР‚в„ўР вЂ™Р’В Р В Р’В Р вЂ™Р’В Р В РІР‚в„ўР вЂ™Р’В Р В Р’В Р В РІР‚В Р В Р’В Р Р†Р вЂљРЎв„ўР В Р вЂ Р Р†Р вЂљРЎвЂєР Р†Р вЂљРІР‚СљР В Р’В Р вЂ™Р’В Р В РІР‚в„ўР вЂ™Р’В Р В Р’В Р Р†Р вЂљРІвЂћСћР В РІР‚в„ўР вЂ™Р’В Р В Р’В Р вЂ™Р’В Р В РІР‚в„ўР вЂ™Р’В Р В Р’В Р вЂ™Р’В Р В Р вЂ Р В РІР‚С™Р Р†РІР‚С›РІР‚вЂњР В Р’В Р вЂ™Р’В Р В РІР‚в„ўР вЂ™Р’В Р В Р’В Р вЂ™Р’В Р В Р вЂ Р В РІР‚С™Р вЂ™Р’В Р В Р’В Р вЂ™Р’В Р В РІР‚в„ўР вЂ™Р’В Р В Р’В Р В РІР‚В Р В Р’В Р Р†Р вЂљРЎв„ўР В Р Р‹Р Р†РІР‚С›РЎС›Р В Р’В Р вЂ™Р’В Р В Р’В Р В РІР‚в„–Р В Р’В Р В РІР‚В Р В Р’В Р Р†Р вЂљРЎв„ўР В Р Р‹Р РЋРЎв„ўР В Р’В Р вЂ™Р’В Р В РІР‚в„ўР вЂ™Р’В Р В Р’В Р Р†Р вЂљРІвЂћСћР В РІР‚в„ўР вЂ™Р’В Р В Р’В Р вЂ™Р’В Р В Р вЂ Р В РІР‚С™Р Р†РІР‚С›РЎС›Р В Р’В Р Р†Р вЂљРІвЂћСћР В РІР‚в„ўР вЂ™Р’В Р В Р’В Р вЂ™Р’В Р В РІР‚в„ўР вЂ™Р’В Р В Р’В Р В РІР‚В Р В Р’В Р Р†Р вЂљРЎв„ўР В Р вЂ Р Р†Р вЂљРЎвЂєР РЋРЎвЂєР В Р’В Р вЂ™Р’В Р В Р вЂ Р В РІР‚С™Р Р†РІР‚С›РЎС›Р В Р’В Р Р†Р вЂљРІвЂћСћР В РІР‚в„ўР вЂ™Р’В Р В Р’В Р вЂ™Р’В Р В РІР‚в„ўР вЂ™Р’В Р В Р’В Р Р†Р вЂљРІвЂћСћР В РІР‚в„ўР вЂ™Р’В Р В Р’В Р вЂ™Р’В Р В Р’В Р Р†Р вЂљР’В Р В Р’В Р вЂ™Р’В Р В Р вЂ Р В РІР‚С™Р РЋРІвЂћСћР В Р’В Р В РІР‚В Р В Р вЂ Р В РІР‚С™Р РЋРІР‚С”Р В Р Р‹Р РЋРІР‚С”Р В Р’В Р вЂ™Р’В Р В РІР‚в„ўР вЂ™Р’В Р В Р’В Р В РІР‚В Р В Р’В Р Р†Р вЂљРЎв„ўР В Р вЂ Р Р†Р вЂљРЎвЂєР РЋРЎвЂєР В Р’В Р вЂ™Р’В Р В Р вЂ Р В РІР‚С™Р Р†РІР‚С›РЎС›Р В Р’В Р Р†Р вЂљРІвЂћСћР В РІР‚в„ўР вЂ™Р’В Р В Р’В Р вЂ™Р’В Р В РІР‚в„ўР вЂ™Р’В Р В Р’В Р Р†Р вЂљРІвЂћСћР В РІР‚в„ўР вЂ™Р’В Р В Р’В Р вЂ™Р’В Р В Р вЂ Р В РІР‚С™Р Р†РІР‚С›РЎС›Р В Р’В Р Р†Р вЂљРІвЂћСћР В РІР‚в„ўР вЂ™Р’В Р В Р’В Р вЂ™Р’В Р В РІР‚в„ўР вЂ™Р’В Р В Р’В Р вЂ™Р’В Р В Р вЂ Р В РІР‚С™Р вЂ™Р’В Р В Р’В Р вЂ™Р’В Р В РІР‚в„ўР вЂ™Р’В Р В Р’В Р В РІР‚В Р В Р’В Р Р†Р вЂљРЎв„ўР В Р Р‹Р Р†РІР‚С›РЎС›Р В Р’В Р вЂ™Р’В Р В Р’В Р Р†Р вЂљР’В Р В Р’В Р В РІР‚В Р В Р’В Р Р†Р вЂљРЎв„ўР В Р Р‹Р Р†Р вЂљРЎвЂќР В Р’В Р В Р вЂ№Р В Р Р‹Р Р†Р вЂљРЎвЂќР В Р’В Р вЂ™Р’В Р В РІР‚в„ўР вЂ™Р’В Р В Р’В Р Р†Р вЂљРІвЂћСћР В РІР‚в„ўР вЂ™Р’В Р В Р’В Р вЂ™Р’В Р В Р’В Р Р†Р вЂљР’В Р В Р’В Р вЂ™Р’В Р В Р вЂ Р В РІР‚С™Р РЋРІвЂћСћР В Р’В Р В РІР‚В Р В Р вЂ Р В РІР‚С™Р РЋРІР‚С”Р В Р Р‹Р РЋРІР‚С”Р В Р’В Р вЂ™Р’В Р В РІР‚в„ўР вЂ™Р’В Р В Р’В Р В РІР‚В Р В Р’В Р Р†Р вЂљРЎв„ўР В Р вЂ Р Р†Р вЂљРЎвЂєР РЋРЎвЂєР В Р’В Р вЂ™Р’В Р В Р вЂ Р В РІР‚С™Р Р†РІР‚С›РЎС›Р В Р’В Р Р†Р вЂљРІвЂћСћР В РІР‚в„ўР вЂ™Р’В Р В Р’В Р вЂ™Р’В Р В РІР‚в„ўР вЂ™Р’В Р В Р’В Р Р†Р вЂљРІвЂћСћР В РІР‚в„ўР вЂ™Р’В Р В Р’В Р вЂ™Р’В Р В Р вЂ Р В РІР‚С™Р Р†РІР‚С›РЎС›Р В Р’В Р Р†Р вЂљРІвЂћСћР В РІР‚в„ўР вЂ™Р’В Р В Р’В Р вЂ™Р’В Р В РІР‚в„ўР вЂ™Р’В Р В Р’В Р В РІР‚В Р В Р’В Р Р†Р вЂљРЎв„ўР В Р вЂ Р Р†Р вЂљРЎвЂєР РЋРЎвЂєР В Р’В Р вЂ™Р’В Р В Р вЂ Р В РІР‚С™Р Р†РІР‚С›РЎС›Р В Р’В Р Р†Р вЂљРІвЂћСћР В РІР‚в„ўР вЂ™Р’В Р В Р’В Р вЂ™Р’В Р В РІР‚в„ўР вЂ™Р’В Р В Р’В Р Р†Р вЂљРІвЂћСћР В РІР‚в„ўР вЂ™Р’В Р В Р’В Р вЂ™Р’В Р В Р’В Р Р†Р вЂљР’В Р В Р’В Р вЂ™Р’В Р В Р вЂ Р В РІР‚С™Р РЋРІвЂћСћР В Р’В Р В РІР‚В Р В Р вЂ Р В РІР‚С™Р РЋРІР‚С”Р В Р Р‹Р РЋРІР‚С”Р В Р’В Р вЂ™Р’В Р В РІР‚в„ўР вЂ™Р’В Р В Р’В Р В РІР‚В Р В Р’В Р Р†Р вЂљРЎв„ўР В Р вЂ Р Р†Р вЂљРЎвЂєР РЋРЎвЂєР В Р’В Р вЂ™Р’В Р В Р вЂ Р В РІР‚С™Р Р†РІР‚С›РЎС›Р В Р’В Р Р†Р вЂљРІвЂћСћР В РІР‚в„ўР вЂ™Р’В Р В Р’В Р вЂ™Р’В Р В РІР‚в„ўР вЂ™Р’В Р В Р’В Р Р†Р вЂљРІвЂћСћР В РІР‚в„ўР вЂ™Р’В Р В Р’В Р вЂ™Р’В Р В Р вЂ Р В РІР‚С™Р Р†РІР‚С›РЎС›Р В Р’В Р Р†Р вЂљРІвЂћСћР В РІР‚в„ўР вЂ™Р’В Р В Р’В Р вЂ™Р’В Р В РІР‚в„ўР вЂ™Р’В Р В Р’В Р В РІР‚В Р В Р’В Р Р†Р вЂљРЎв„ўР В Р вЂ Р Р†Р вЂљРЎвЂєР РЋРЎвЂєР В Р’В Р вЂ™Р’В Р В Р вЂ Р В РІР‚С™Р Р†РІР‚С›РЎС›Р В Р’В Р Р†Р вЂљРІвЂћСћР В РІР‚в„ўР вЂ™Р’В Р В Р’В Р вЂ™Р’В Р В РІР‚в„ўР вЂ™Р’В Р В Р’В Р Р†Р вЂљРІвЂћСћР В РІР‚в„ўР вЂ™Р’В Р В Р’В Р вЂ™Р’В Р В РІР‚в„ўР вЂ™Р’В Р В Р’В Р В РІР‚В Р В Р’В Р Р†Р вЂљРЎв„ўР В РІР‚в„ўР вЂ™Р’В Р В Р’В Р вЂ™Р’В Р В РІР‚в„ўР вЂ™Р’В Р В Р’В Р Р†Р вЂљРІвЂћСћР В РІР‚в„ўР вЂ™Р’В Р В Р’В Р вЂ™Р’В Р В Р’В Р Р†Р вЂљР’В Р В Р’В Р вЂ™Р’В Р В Р вЂ Р В РІР‚С™Р РЋРІвЂћСћР В Р’В Р В Р вЂ№Р В Р вЂ Р Р†Р вЂљРЎвЂєР РЋРЎвЂєР В Р’В Р вЂ™Р’В Р В РІР‚в„ўР вЂ™Р’В Р В Р’В Р вЂ™Р’В Р В Р вЂ Р В РІР‚С™Р вЂ™Р’В Р В Р’В Р вЂ™Р’В Р В Р’В Р Р†Р вЂљР’В Р В Р’В Р вЂ™Р’В Р В Р вЂ Р В РІР‚С™Р РЋРІвЂћСћР В Р’В Р В Р вЂ№Р В Р вЂ Р В РІР‚С™Р РЋРІР‚СњР В Р’В Р вЂ™Р’В Р В Р’В Р Р†Р вЂљР’В Р В Р’В Р вЂ™Р’В Р В Р вЂ Р В РІР‚С™Р РЋРІвЂћСћР В Р’В Р В РІР‚В Р В Р’В Р Р†Р вЂљРЎв„ўР В Р Р‹Р РЋРІвЂћСћР В Р’В Р вЂ™Р’В Р В РІР‚в„ўР вЂ™Р’В Р В Р’В Р Р†Р вЂљРІвЂћСћР В РІР‚в„ўР вЂ™Р’В Р В Р’В Р вЂ™Р’В Р В Р вЂ Р В РІР‚С™Р Р†РІР‚С›РЎС›Р В Р’В Р Р†Р вЂљРІвЂћСћР В РІР‚в„ўР вЂ™Р’В Р В Р’В Р вЂ™Р’В Р В РІР‚в„ўР вЂ™Р’В Р В Р’В Р В РІР‚В Р В Р’В Р Р†Р вЂљРЎв„ўР В Р вЂ Р Р†Р вЂљРЎвЂєР РЋРЎвЂєР В Р’В Р вЂ™Р’В Р В Р вЂ Р В РІР‚С™Р Р†РІР‚С›РЎС›Р В Р’В Р Р†Р вЂљРІвЂћСћР В РІР‚в„ўР вЂ™Р’В Р В Р’В Р вЂ™Р’В Р В РІР‚в„ўР вЂ™Р’В Р В Р’В Р Р†Р вЂљРІвЂћСћР В РІР‚в„ўР вЂ™Р’В Р В Р’В Р вЂ™Р’В Р В Р’В Р Р†Р вЂљР’В Р В Р’В Р вЂ™Р’В Р В Р вЂ Р В РІР‚С™Р РЋРІвЂћСћР В Р’В Р В РІР‚В Р В Р вЂ Р В РІР‚С™Р РЋРІР‚С”Р В Р Р‹Р РЋРІР‚С”Р В Р’В Р вЂ™Р’В Р В РІР‚в„ўР вЂ™Р’В Р В Р’В Р В РІР‚В Р В Р’В Р Р†Р вЂљРЎв„ўР В Р вЂ Р Р†Р вЂљРЎвЂєР РЋРЎвЂєР В Р’В Р вЂ™Р’В Р В Р вЂ Р В РІР‚С™Р Р†РІР‚С›РЎС›Р В Р’В Р Р†Р вЂљРІвЂћСћР В РІР‚в„ўР вЂ™Р’В Р В Р’В Р вЂ™Р’В Р В РІР‚в„ўР вЂ™Р’В Р В Р’В Р Р†Р вЂљРІвЂћСћР В РІР‚в„ўР вЂ™Р’В Р В Р’В Р вЂ™Р’В Р В Р вЂ Р В РІР‚С™Р Р†РІР‚С›РЎС›Р В Р’В Р Р†Р вЂљРІвЂћСћР В РІР‚в„ўР вЂ™Р’В Р В Р’В Р вЂ™Р’В Р В РІР‚в„ўР вЂ™Р’В Р В Р’В Р вЂ™Р’В Р В Р вЂ Р В РІР‚С™Р вЂ™Р’В Р В Р’В Р вЂ™Р’В Р В РІР‚в„ўР вЂ™Р’В Р В Р’В Р В РІР‚В Р В Р’В Р Р†Р вЂљРЎв„ўР В Р Р‹Р Р†РІР‚С›РЎС›Р В Р’В Р вЂ™Р’В Р В Р’В Р Р†Р вЂљР’В Р В Р’В Р В РІР‚В Р В Р’В Р Р†Р вЂљРЎв„ўР В Р Р‹Р Р†Р вЂљРЎвЂќР В Р’В Р В Р вЂ№Р В Р Р‹Р Р†Р вЂљРЎвЂќР В Р’В Р вЂ™Р’В Р В РІР‚в„ўР вЂ™Р’В Р В Р’В Р Р†Р вЂљРІвЂћСћР В РІР‚в„ўР вЂ™Р’В Р В Р’В Р вЂ™Р’В Р В Р’В Р Р†Р вЂљР’В Р В Р’В Р вЂ™Р’В Р В Р вЂ Р В РІР‚С™Р РЋРІвЂћСћР В Р’В Р В РІР‚В Р В Р вЂ Р В РІР‚С™Р РЋРІР‚С”Р В Р Р‹Р РЋРІР‚С”Р В Р’В Р вЂ™Р’В Р В РІР‚в„ўР вЂ™Р’В Р В Р’В Р В РІР‚В Р В Р’В Р Р†Р вЂљРЎв„ўР В Р вЂ Р Р†Р вЂљРЎвЂєР РЋРЎвЂєР В Р’В Р вЂ™Р’В Р В Р вЂ Р В РІР‚С™Р Р†РІР‚С›РЎС›Р В Р’В Р Р†Р вЂљРІвЂћСћР В РІР‚в„ўР вЂ™Р’В Р В Р’В Р вЂ™Р’В Р В РІР‚в„ўР вЂ™Р’В Р В Р’В Р Р†Р вЂљРІвЂћСћР В РІР‚в„ўР вЂ™Р’В Р В Р’В Р вЂ™Р’В Р В Р вЂ Р В РІР‚С™Р Р†РІР‚С›РЎС›Р В Р’В Р Р†Р вЂљРІвЂћСћР В РІР‚в„ўР вЂ™Р’В Р В Р’В Р вЂ™Р’В Р В РІР‚в„ўР вЂ™Р’В Р В Р’В Р В РІР‚В Р В Р’В Р Р†Р вЂљРЎв„ўР В Р вЂ Р Р†Р вЂљРЎвЂєР РЋРЎвЂєР В Р’В Р вЂ™Р’В Р В Р вЂ Р В РІР‚С™Р Р†РІР‚С›РЎС›Р В Р’В Р Р†Р вЂљРІвЂћСћР В РІР‚в„ўР вЂ™Р’В Р В Р’В Р вЂ™Р’В Р В РІР‚в„ўР вЂ™Р’В Р В Р’В Р Р†Р вЂљРІвЂћСћР В РІР‚в„ўР вЂ™Р’В Р В Р’В Р вЂ™Р’В Р В Р’В Р Р†Р вЂљР’В Р В Р’В Р вЂ™Р’В Р В Р вЂ Р В РІР‚С™Р РЋРІвЂћСћР В Р’В Р В РІР‚В Р В Р вЂ Р В РІР‚С™Р РЋРІР‚С”Р В Р Р‹Р РЋРІР‚С”Р В Р’В Р вЂ™Р’В Р В РІР‚в„ўР вЂ™Р’В Р В Р’В Р В РІР‚В Р В Р’В Р Р†Р вЂљРЎв„ўР В Р вЂ Р Р†Р вЂљРЎвЂєР РЋРЎвЂєР В Р’В Р вЂ™Р’В Р В Р вЂ Р В РІР‚С™Р Р†РІР‚С›РЎС›Р В Р’В Р Р†Р вЂљРІвЂћСћР В РІР‚в„ўР вЂ™Р’В Р В Р’В Р вЂ™Р’В Р В РІР‚в„ўР вЂ™Р’В Р В Р’В Р Р†Р вЂљРІвЂћСћР В РІР‚в„ўР вЂ™Р’В Р В Р’В Р вЂ™Р’В Р В Р вЂ Р В РІР‚С™Р Р†РІР‚С›РЎС›Р В Р’В Р Р†Р вЂљРІвЂћСћР В РІР‚в„ўР вЂ™Р’В Р В Р’В Р вЂ™Р’В Р В РІР‚в„ўР вЂ™Р’В Р В Р’В Р В РІР‚В Р В Р’В Р Р†Р вЂљРЎв„ўР В Р вЂ Р Р†Р вЂљРЎвЂєР РЋРЎвЂєР В Р’В Р вЂ™Р’В Р В Р вЂ Р В РІР‚С™Р Р†РІР‚С›РЎС›Р В Р’В Р Р†Р вЂљРІвЂћСћР В РІР‚в„ўР вЂ™Р’В Р В Р’В Р вЂ™Р’В Р В РІР‚в„ўР вЂ™Р’В Р В Р’В Р Р†Р вЂљРІвЂћСћР В РІР‚в„ўР вЂ™Р’В Р В Р’В Р вЂ™Р’В Р В Р вЂ Р В РІР‚С™Р Р†РІР‚С›РЎС›Р В Р’В Р Р†Р вЂљРІвЂћСћР В РІР‚в„ўР вЂ™Р’В Р В Р’В Р вЂ™Р’В Р В РІР‚в„ўР вЂ™Р’В Р В Р’В Р Р†Р вЂљРІвЂћСћР В РІР‚в„ўР вЂ™Р’В Р В Р’В Р вЂ™Р’В Р В РІР‚в„ўР вЂ™Р’В Р В Р’В Р вЂ™Р’В Р В Р’В Р В Р РЏ-07-2024",
    "RecordingDuration": 258812,
    "RecordingMode": "N/A",
    "RecordingTimeStamp": 1730995055,
    "RecordingType": "Proxy",
    "TotalBytesReceived": 19054,
    "TotalBytesSent": 8714,
    "TotalRequests": 11,
    "UserAgent": "Mozilla/5.0 (Windows NT 10.0; Win64; x64; rv:131.0) Gecko/20100101 Firefox/131.0"
  },
  "HostInfo": [
    {
      "DomainName": "localhost",
      "Domains": [
        {
          "HTTPVersion": "HTTP/1.1",
          "IP": "[::1]",
          "IncludeInScript": true,
          "Name": "localhost",
          "Port": 1080,
          "Requests": [
            {
              "CompressionType": "",
              "DataType": "text/html",
              "DownloadTime": 0,
              "EventId": 47,
              "HttpStatus": 200,
              "Size": 2474,
              "URL": "http://localhost:1080/cgi-bin/reservations.pl"
            },
            {
              "CompressionType": "",
              "DataType": "text/html",
              "DownloadTime": 15,
              "EventId": 43,
              "HttpStatus": 200,
              "Size": 2734,
              "URL": "http://localhost:1080/cgi-bin/reservations.pl"
            },
            {
              "CompressionType": "",
              "DataType": "text/html",
              "DownloadTime": 16,
              "EventId": 39,
              "HttpStatus": 200,
              "Size": 2446,
              "URL": "http://localhost:1080/cgi-bin/reservations.pl"
            },
            {
              "CompressionType": "",
              "DataType": "text/html",
              "DownloadTime": 15,
              "EventId": 30,
              "HttpStatus": 200,
              "Size": 1482,
              "URL": "http://localhost:1080/cgi-bin/nav.pl?page=menu&in=flights"
            },
            {
              "CompressionType": "",
              "DataType": "text/html",
              "DownloadTime": 16,
              "EventId": 26,
              "HttpStatus": 200,
              "Size": 4246,
              "URL": "http://localhost:1080/cgi-bin/reservations.pl?page=welcome"
            },
            {
              "CompressionType": "",
              "DataType": "text/html",
              "DownloadTime": 0,
              "EventId": 22,
              "HttpStatus": 200,
              "Size": 616,
              "URL": "http://localhost:1080/cgi-bin/welcome.pl?page=search"
            },
            {
              "CompressionType": "",
              "DataType": "text/html",
              "DownloadTime": 0,
              "EventId": 18,
              "HttpStatus": 200,
              "Size": 1482,
              "URL": "http://localhost:1080/cgi-bin/nav.pl?page=menu&in=home"
            },
            {
              "CompressionType": "",
              "DataType": "text/html",
              "DownloadTime": 0,
              "EventId": 14,
              "HttpStatus": 200,
              "Size": 918,
              "URL": "http://localhost:1080/cgi-bin/login.pl?intro=true"
            },
            {
              "CompressionType": "",
              "DataType": "text/html",
              "DownloadTime": 0,
              "EventId": 10,
              "HttpStatus": 200,
              "Size": 481,
              "URL": "http://localhost:1080/cgi-bin/login.pl"
            },
            {
              "CompressionType": "",
              "DataType": "text/html",
              "DownloadTime": 15,
              "EventId": 6,
              "HttpStatus": 200,
              "Size": 1489,
              "URL": "http://localhost:1080/cgi-bin/nav.pl?in=home"
            },
            {
              "CompressionType": "",
              "DataType": "text/html",
              "DownloadTime": 0,
              "EventId": 2,
              "HttpStatus": 200,
              "Size": 686,
              "URL": "http://localhost:1080/cgi-bin/welcome.pl?signOff=true"
            }
          ],
          "SSLCipher": "None",
          "SSLVersion": "None"
        }
      ],
      "IncludeInScript": true
    },
    {
      "DomainName": "getpocket.com",
      "Domains": [
        {
          "HTTPVersion": "HTTP/1.1",
          "IP": "34.117.188.166",
          "IncludeInScript": false,
          "Name": "spocs.getpocket.com",
          "Port": 443,
          "Requests": [
            {
              "CompressionType": "",
              "DataType": "application/json",
              "DownloadTime": 16,
              "EventId": 35,
              "HttpStatus": 200,
              "Size": 1168,
              "URL": "https://spocs.getpocket.com/spocs"
            }
          ],
          "SSLCipher": "",
          "SSLVersion": "TLS1.2"
        }
      ],
      "IncludeInScript": true
    }
  ],
  "WebSocket": {
    "IncludeInScript": false,
    "IsScriptIncludeWebSocket": false
  },
  "NumberOfCorrelations": 8
}